Name,SKU,Category,Stock,Price,size,,,,,,
Nike Air Green White,WW - 97,Footwear,1,2900,,,,9,,,
Adidas Campus White green,WW - 98,Footwear,2,2900,,,,9,10,,
Bad Bunny Full Black,WW - 99,Footwear,2,3300,,,,9,10,,
Nike Air Jordan,WW - 100,Footwear,2,2900,,,8,,,,
Nike Air Jordan,WW - 101,Footwear,1,2600,,,,9,,,
Nike Airforce,WW - 102,Footwear,3,2500,,,8,,10,11,
NIKE DUNK TRP,WW - 103,Footwear,4,2700,,,8,9,10,11,
Puma,WW - 104,Footwear,2,2700,,,,9,10,,
Adi zero pro 5,WW - 105,Footwear,1,2600,,,8,,,,
ADIZERO (White),WW - 106,Footwear,2,2900,,,8,,,,
ADIZERO (Parrot Green),WW - 107,Footwear,3,2900,,,8,,10,,
ADIZERO (Blue),WW - 108,Footwear,1,2900,,,8,,,,
ADIZERO (Red),WW - 109,Footwear,4,2900,,,8,9,10,,
Nike High Ankel,WW - 110,Footwear,2,3000,,7,8,,,,
Balancia,WW - 111,Footwear,1,3200,,,8,,,,
Cortez (white),WW - 112,Footwear,4,2500,,7,8,9,,,
Cortez (Black),WW - 113,Footwear,4,2500,,7,8,9,10,,
Cortez (Brown),WW - 114,Footwear,4,2500,,7,8,9,10,,
Onitsuka Tiger white,WW - 115,Footwear,5,2600,,7,8,9,10,,1
Onitsuka Tiger yellow,WW - 116,Footwear,2,2900,,,8,9,,,
Onitsuka Tiger Black,WW - 117,Footwear,5,2500,,7,8,9,10,,1
NEW BALANCE THI 327,WW - 118,Footwear,2,3200,,7,8,,,,
NEW BALANCE THI 327,WW - 119,Footwear,2,3200,,7,8,,,,
NIke Airforce High Ankel,WW - 120,Footwear,4,3000,,7,,9,,11,
BaD Bunny,WW - 121,Footwear,1,3400,,,8,,,,
Nike Fear of God,WW - 122,Footwear,1,3400,,,8,,,,
Nike Fear of God,WW - 123,Footwear,1,3400,,,8,,,,
Nike Airforce,WW - 124,Footwear,6,2500,,,8,9,10,11,
Nike Airforce,WW - 125,Footwear,5,2600,,,8,9,10,11,
Nike Superme,WW - 126,Footwear,1,3300,,,8,,,,
Nike Airforce,WW - 127,Footwear,5,2500,,7,,9,10,11,
ADIDAS CAMPUS,WW - 128,Footwear,4,2900,,7,8,,,,
ADIDAS CAMPUS,WW - 129,Footwear,2,2900,,,8,,,,
NEW BALANCE 9060,WW - 130,Footwear,1,3400,,,8,,,,
NEW BALANCE ENCAP,WW - 131,Footwear,2,3400,,,,9,10,,
Nike Air Purpel Grey,WW - 132,Footwear,1,3400,,,8,,,,
Nike Air Blue,WW - 133,Footwear,3,3200,,7,8,,,,
Jordan Black,WW - 134,Footwear,2,2900,,7,8,,,,
Jordan Red,WW - 135,Footwear,2,2900,,7,8,,,,
NIKE DUNK TRP,WW - 136,Footwear,1,3200,,7,,,,,
NIKE DUNK TRP,WW - 137,Footwear,1,3200,,7,,,,,
Nike Air Black,WW - 138,Footwear,4,2600,,,8,9,10,11,
Nike Air Green,WW - 139,Footwear,5,2500,,,8,9,10,11,
Nike the North Face,WW - 140,Footwear,1,2900,,7,,,,,
Nike Air Jordan,WW - 141,Footwear,3,2900,,,8,9,10,,
NIke Apple Girl Pink,WW - 142,Footwear,2,3200,6,7,,,,,
Nike Dragon,WW - 143,Footwear,3,2900,,,8,9,,,
Nike Air,WW - 144,Footwear,1,2800,,,8,,,,
Nike Air Grey,WW - 145,Footwear,1,2900,,,8,,,,
SB OTOMO Nike Air Grey,WW - 146,Footwear,1,2900,,,8,,,,
Adidas gery,WW - 147,Footwear,1,3200,,,8,,,,
Nike Air,WW - 148,Footwear,6,2500,,7,8,9,10,11,
Nike Airforce,WW - 149,Footwear,6,2500,,7,8,9,10,11,
Nike Air,WW - 150,Footwear,1,2500,,,,,,11,
Nike Air Force,WW - 151,Footwear,4,2900,,7,8,9,10,,
Nike Air Force (Gold),WW - 152,Footwear,4,2900,,,8,9,,,
Aadidas Benito,WW - 153,Footwear,2,2900,,,8,9,,,
Nike Air,WW - 154,Footwear,3,2500,,,,9,10,11,
Nike Air nik-en,WW - 155,Footwear,2,2900,,,8,9,,,
Nike Just Cautus,WW - 156,Footwear,2,2900,,7,8,,,,
Nike SB Air Zoom,WW - 157,Footwear,2,3200,,,8,9,,,
Nike high ankel red black,WW - 158,Footwear,2,2900,,,,9,10,,
Nike Air Jordan,WW - 159,Footwear,1,3000,,,8,,,,
Zara Boots (chocolet Brown),WW - 160,Boots,1,1500,,,,9,,,
Allen Solly Boot,WW - 161,Boots,2,1500,6,,,,10,,
Zara (Brown),WW - 162,Boots,4,1500,,7,8,9,10,,
RedTape Boots Brown),WW - 163,Boots,2,1500,6,7,,,,,
Lee Cooper (Brown),WW - 164,Boots,4,1500,6,7,8,9,,,
zara Black Boot,WW - 165,Boots,4,1500,6,7,8,9,,,
Lee Cooper (Black),WW - 166,Boots,2,1500,,7,,9,,,
,WW - 167,,,,,,,,10,,
,WW - 168,,,,,,,9,,,
,WW - 169,,,,,,,9,,,
,WW - 170,,,,,,,,10,,
,WW - 171,,,,,,8,,,,
,WW - 172,,,,,,,9,,,
Lord Piana Lofer (Cream),WW - 173,Lofer,4,1000,6,7,8,9,,,
Tommy Hillfiger Lofer (Black),WW - 174,Lofer,4,1000,6,7,8,9,,,
Tommy Hillfiger Lofer (Drk Brown),WW - 175,Lofer,3,1000,,,8,9,10,,
Lord Piana Lofer (Brown),WW - 176,Lofer,5,1000,,7,8,9,10,,
Lord Piana Lofer (Dark Brown),WW - 177,Lofer,5,1000,,7,8,9,10,,
Lord Piana Lofer (Black),WW - 178,Lofer,3,1000,6,7,8,,,,
A|X Boots lofer (Black),WW - 179,Lofer,3,1000,,7,,9,10,,
Louis Vuitton,WW - 180,Lofer,3,1000,6,,8,,,,
Versace,WW - 181,Lofer,4,1000,6,7,8,9,,,
A|X Boots lofer (Brown),WW - 182,Lofer,4,1000,6,7,8,9,,,
Burberry London,WW - 183,Lofer,3,1000,,7,8,9,,,
Louis Vuitton,WW - 184,Lofer,4,1000,6,7,8,9,,,
Gucci,WW - 185,Lofer,4,1000,6,7,8,9,,,
Versace,WW - 186,Lofer,1,1000,,,8,,,,
H/M ChelSea Boots ( Faded Black),WW - 187,Boots,1,2000,6,,,,,,
H/M ChelSea Boots ( Brown),WW - 188,Boots,5,2000,,7,8,9,,,
H/M ChelSea Boots ( Black),WW - 189,Boots,5,2000,,7,,9,10,,
H/M ChelSea Boots (Drk/Brw),WW - 190,Boots,3,2000,6,7,8,,,,
ReDTape ChelSea Boots ( BRWN),WW - 191,Boots,6,2000,6,7,8,9,,,
ReDTape ChelSea Boots ( BLK),WW - 192,Boots,4,2000,6,7,8,9,,,
Zara ChelSea Boots (Bold sol),WW - 193,Boots,4,2100,6,7,8,,,,
Zara ChelSea Boots (Brwn),WW - 194,Boots,4,2200,,,8,9,10,,
,WW - 195,Boots,,,,,,,,,
Zara ChelSea Boots (Black),WW - 196,Boots,3,2200,,7,8,9,,,
Zara ChelSea Boots( skin),WW - 197,Boots,3,2400,6,7,,9,,,
Rebook Running,WW - 198,Footwear,4,2200,,7,8,,10,,
Adidas Sports,WW - 199,Footwear,4,2200,,7,,9,10,,
Nike Vapour Fly,WW - 200,Footwear,5,2200,,7,8,9,10,,
Adi haddi black,WW - 201,Footwear,3,2200,,,8,9,,,
Adidas Sport (White),WW - 202,Footwear,6,2700,,7,8,9,10,,
Adistar byo (Orangegreen),WW - 203,Footwear,4,2200,,,8,,10,,
Adistarbyo (Blue),WW - 204,Footwear,4,2200,6,7,8,,,,
Puma sport White,WW - 205,Footwear,3,2200,,7,8,,,,
Nike pegasusu grey,WW - 206,Footwear,6,2200,,7,8,9,10,,
Nike sport,WW - 207,Footwear,3,2200,,7,8,,10,,
Nike pegasusu white,WW - 208,Footwear,4,2200,,7,,9,,11,
GUIDE 10 White,WW - 209,Footwear,4,2200,,,8,9,10,,
NIke Sport zoom x white,WW - 210,Footwear,2,2900,,,8,9,,,
Nike Sport zoom x,WW - 211,Footwear,3,2200,6,7,,,,,
GUIDE 10 RUNNING,WW - 212,Footwear,5,2200,,,,9,10,11,
Nike sport,WW - 213,Footwear,3,2200,,,8,9,10,,
PEGASUS,WW - 214,Footwear,4,2200,,,8,9,10,11,
GUIDE 10 RUNNING,WW - 215,Footwear,4,2200,,7,8,9,10,,
GUIDE 10 RUNNING,WW - 216,Footwear,4,2200,,7,,9,,11,
SKETCHER,WW - 217,Footwear,2,2900,,,8,,,,
ASICS,WW - 218,Footwear,0,2900,,,,,,,
Nike Vapour Fly,WW - 219,Footwear,5,2200,,7,,9,10,,
Nike Smiley Royal Green,WW - 220,Footwear,3,2200,,7,8,,10,,
Nike React Sky Blue,WW - 221,Footwear,5,2200,6,,8,9,10,,
Nike Smiley Sky Blue,WW - 222,Footwear,3,2200,,,,9,10,,
Adidas Adimove,WW - 223,Footwear,2,2200,,7,8,,,,
Nike React Sky Green,WW - 224,Footwear,2,2200,,,8,9,,,
Asics (Blue),WW - 225,Footwear,3,2700,,,8,9,,,
Nike Pegasus GRey,WW - 226,Footwear,4,2200,,,8,9,10,,
Adistar byo (grey),WW - 227,Footwear,5,2200,,,8,9,10,11,
Guide10 Grey,WW - 228,Footwear,2,2200,,,,9,,11,
Nike Zoom X LT Grey,WW - 229,Footwear,2,2200,,,8,9,,,
Nike Smilly Grey,WW - 230,Footwear,1,2200,,,,,10,,
Puma x Neymar Jr. Wild Rider,WW - 231,Footwear,1,2800,,,8,,,,
Puma Spot Red,WW - 232,Footwear,6,2500,6,7,8,,10,11,
Nike Sports Green,WW - 233,Footwear,5,2200,,7,8,,,11,
Skechers Gorun Black,WW - 234,Footwear,1,2800,,,8,,,,
Adidas Sport Runeasy,WW - 235,Footwear,4,2900,,,8,9,10,11,
Skechers Gorun Navi Blue,WW - 236,Footwear,2,2800,,,8,9,,,
Adidas Sport Haddi,WW - 237,Footwear,5,2900,,,8,9,,,
Adidas Sport (Black),WW - 238,Footwear,6,2900,,7,8,9,,11,
Asics Men Gel-Kayanno,WW - 239,Footwear,1,2700,,,8,,,,
Asics Men Gel-Pulse,WW - 240,Footwear,1,2900,,,8,,,,
Asics Illusion Blue/Glow,WW - 241,Footwear,0,2900,,,,,,,
,WW - 242,,,,,,,9,,,
Lee Cooper Boot,WW - 243,Boot,4,1500,,7,8,9,10,,
Nike Air,WW - 244,Footwear,2,2900,,,8,,,,
Allen Solly Boot (Brown),WW - 245,Boot,4,1500,,7,8,9,10,,
Nike Air Max,WW - 246,Footwear,3,2900,,,8,9,,,
Zara ChelSea Boots ( DRK/BRWN),WW - 247,Boot,4,2200,6,7,8,9,,,
Zara ChelSea Boots (BLACK),WW - 248,Boot,3,2200,6,,8,9,,,
Zara Boots (black Patten),WW - 249,Boot,3,1500,,7,8,9,,,
Allen Solly Boot (black2),WW - 250,Boot,1,1500,6,,,,,,
Nike Airforce Grey,WW - 251,Footwear,3,3200,,,,9,10,11,
Nike Airforce blue,WW - 252,Footwear,2,2500,,,,9,,11,
Nike Airforce Grey,WW - 253,Footwear,1,2500,,,,,10,,
ReDTape ChelSea Boots ( BRWN chain),WW - 254,Boot,2,2200,6,7,,,,,
ReDTape ChelSea Boots ( Black chain),WW - 255,Boot,4,2200,6,7,8,9,,,
Nike Just do i Girl,WW - 256,Footwear,2,3200,,7,,,,,
Nike Zoom x Full Black,WW - 257,Footwear,2,2900,,,8,9,,,
Crocs (Blue),WW - 258,Crocs,5,1000,,7,8,9,10,11,
Crocs (Black),WW - 259,Crocs,0,1000,,,,,,,
Crocs (Navi Blue),WW - 260,Crocs,4,1000,,7,,9,10,,
Crocs (Grey),WW - 261,Crocs,4,1000,,7,8,,10,,
Crocs (Black Red),WW - 262,Crocs,1,1000,,,,,10,,
Crocs (Grey) Radiam,WW - 263,Crocs,3,1000,,,,,10,11,
Crocs (white),WW - 264,Crocs,4,1000,,,8,9,10,,
Crocs Ride Lite (Black),WW - 265,Crocs,5,1199,,7,8,,10,,
Crocs Ride Lite (Red),WW - 266,Crocs,3,1199,,,,9,10,,
Crocs Ride Lite (Grey),WW - 267,Crocs,1,1199,,,,,10,,
Nike Slider,WW - 268,Slide,1,1300,,,8,,,,
Adidas Slider,WW - 269,Slide,1,1500,,,,9,,,
Nikel Slider Grey,WW - 270,Slide,6,1200,6,7,8,9,10,,
Nikel Slider Cream,WW - 271,Slide,5,1200,,7,8,9,10,,1
Nikel Slider Black,WW - 272,Slide,4,1200,,7,,9,,11,1
Nike Offcourt Adjust Slide,WW - 273,Slide,4,700,,,8,9,,,
Nike Offcourt Adjust Slide,WW - 274,Slide,4,700,,,8,,10,11,
Nike Offcourt Adjust Slide,WW - 275,Slide,1,700,,7,,,,,
Crocs Ride Lite (Blue),WW - 276,Crocs,3,1200,,7,,9,,,
Crocs Sliper Red,WW - 277,Crocs,2,1199,,,,9,,11,
,WW - 278,,,,,,,,,,
Crocs Sliper Black,WW - 279,Crocs,2,1199,,7,,,10,,
Crocs Sliper White,WW - 280,Crocs,4,1199,,,8,9,10,11,
Nike Offcourt Adjust Slide,WW - 281,Slides,4,700,,,,9,10,11,
Puma Slide,WW - 282,Slides,1,700,,,,,,11,
Nike Offcourt Adjust Slide,WW - 283,Slides,5,700,6,,8,,10,11,1
Puma Slide White PetronasRed/ White,WW - 284,Slides,1,700,,,8,,,,
Puma Slide White Petronas White,WW - 285,Slides,3,700,,,,9,10,,
Nike Offcourt Adjust Slide Black/White,WW - 286,Slides,0,700,,,,,,,
Nike Offcourt Adjust Slide White/Black,WW - 287,Slides,1,700,,,8,,,,
Puma Slide White Petronas Black/White,WW - 288,Slides,2,700,,,8,,10,,
Puma Slide White Petronas Black/green,WW - 289,Slides,1,700,,,,,10,,
Skechers Slide Black,WW - 290,Slides,1,700,,,,,10,,
Nike Slide Black,WW - 291,Slides,5,800,,,8,,10,11,
Puma Slide Red,WW - 292,Slides,2,700,,7,,,10,,
Puma Slide White,WW - 293,Slides,3,700,,,8,9,,11,
Puma Slide White,WW - 294,Slides,1,700,,,,,10,,
Skechers Slide Red/White,WW - 295,Slides,2,700,,7,,,,,
Nike Slide Black,WW - 296,Slides,3,1200,,7,,9,,,1
Nike Slide Black/brown,WW - 297,Slides,6,600,6,7,8,9,10,11,
Puma Nitro Running,WW - 298,Footwear,2,2900,,,8,9,,,
Gucci Drk/brown loffer,WW - 299,Loffer,3,999,,7,8,9,,,
Burberry Black loffer,WW - 300,Loffer,4,999,6,7,,9,10,,
Versace Brown loffer,WW - 301,Loffer,2,999,,7,,9,,,
